{
  "format_version": "1.8.0",
  "animations": {
    "misc.idle": {
      "loop": true,
      "animation_length": 1.5,
      "bones": {
        "tail": {
          "rotation": {
            "0.0": {
              "vector": [
                37.39445,
                3.9649,
                -3.04868
              ]
            },
            "0.7917": {
              "vector": [
                38.72571,
                -25.84484,
                -5.03175
              ]
            },
            "1.5": {
              "vector": [
                37.39445,
                3.9649,
                -3.04868
              ]
            }
          }
        },
        "bone": {
          "rotation": {
            "0.0": {
              "vector": [
                0,
                17.5,
                0
              ]
            },
            "0.375": {
              "vector": [
                14.86842,
                0.92105,
                0
              ]
            },
            "0.8333": {
              "vector": [
                4.93686,
                -15.00939,
                0.22551
              ]
            },
            "1.125": {
              "vector": [
                17.3668,
                -2.18366,
                0
              ]
            },
            "1.5": {
              "vector": [
                0,
                17.5,
                0
              ]
            }
          }
        },
        "bone2": {
          "rotation": {
            "0.0": {
              "vector": [
                0,
                7.5,
                0
              ]
            },
            "0.7083": {
              "vector": [
                9.94167,
                2.59611,
                -0.43317
              ]
            },
            "1.0833": {
              "vector": [
                9.33179,
                -6.58258,
                -1.483
              ]
            },
            "1.5": {
              "vector": [
                0,
                7.5,
                0
              ]
            }
          }
        },
        "bone3": {
          "rotation": {
            "0.0": {
              "vector": [
                2.52889,
                9.99519,
                0.22118
              ]
            },
            "0.5833": {
              "vector": [
                22.49286,
                2.50237,
                -0.10912
              ]
            },
            "0.875": {
              "vector": [
                18.58476,
                -2.31836,
                -1.85199
              ]
            },
            "1.5": {
              "vector": [
                2.5,
                10,
                0.95054
              ]
            }
          }
        },
        "bone4": {
          "rotation": {
            "0.0": {
              "vector": [
                10.10994,
                9.93268,
                1.10049
              ]
            },
            "0.3333": {
              "vector": [
                7.49541,
                5.00934,
                0.22052
              ]
            },
            "0.7083": {
              "vector": [
                13.35507,
                -3.13764,
                -1.8107
              ]
            },
            "1.0417": {
              "vector": [
                -1.1692,
                2.36565,
                -0.58494
              ]
            },
            "1.5": {
              "vector": [
                7.60994,
                9.93268,
                1.10049
              ]
            }
          }
        },
        "bone5": {
          "rotation": {
            "0.0": {
              "vector": [
                22,
                2.50472,
                -0.21803
              ]
            },
            "0.375": {
              "vector": [
                3.90913,
                -0.66099,
                -0.77494
              ]
            },
            "0.6667": {
              "vector": [
                -2.51967,
                -2.41971,
                -1.08434
              ]
            },
            "0.9167": {
              "vector": [
                6.44906,
                -0.87006,
                -0.81172
              ]
            },
            "1.2083": {
              "vector": [
                13.16258,
                0.93785,
                -0.49367
              ]
            },
            "1.5": {
              "vector": [
                24.98097,
                2.50472,
                -0.21803
              ]
            }
          }
        },
        "bone6": {
          "rotation": {
            "0.0": {
              "vector": [
                10,
                2.5,
                0
              ]
            },
            "0.4583": {
              "vector": [
                25.81433,
                2.5,
                0
              ]
            },
            "0.7917": {
              "vector": [
                15,
                2.5,
                0
              ]
            },
            "1.0417": {
              "vector": [
                8.23059,
                2.5,
                0
              ]
            },
            "1.5": {
              "vector": [
                10,
                2.5,
                0
              ]
            }
          }
        },
        "bone7": {
          "rotation": {
            "0.0": {
              "vector": [
                12.5,
                2.5,
                0
              ]
            },
            "0.7917": {
              "vector": [
                19.98022,
                0.15058,
                -0.85481
              ]
            },
            "1.5": {
              "vector": [
                12.5,
                2.5,
                0
              ]
            }
          }
        }
      }
    },
    "move.run": {
      "loop": true,
      "animation_length": 0.875,
      "blend_weight": "1",
      "bones": {
        "RightLeg": {
          "rotation": {
            "0.0": {
              "vector": [
                0,
                0,
                0
              ]
            },
            "0.25": {
              "vector": [
                22.5,
                0,
                0
              ]
            },
            "0.625": {
              "vector": [
                -25,
                0,
                0
              ]
            },
            "0.875": {
              "vector": [
                0,
                0,
                0
              ]
            }
          }
        },
        "LeftLeg": {
          "rotation": {
            "0.0": {
              "vector": [
                10,
                0,
                0
              ]
            },
            "0.25": {
              "vector": [
                -22.5,
                0,
                0
              ]
            },
            "0.625": {
              "vector": [
                25,
                0,
                0
              ]
            },
            "0.875": {
              "vector": [
                10,
                0,
                0
              ]
            }
          }
        }
      }
    },
    "move.walk": {
      "loop": true,
      "animation_length": 0.75,
      "blend_weight": "1",
      "bones": {
        "RightLeg": {
          "rotation": {
            "0.0": {
              "vector": [
                -5,
                0,
                0
              ]
            },
            "0.1667": {
              "vector": [
                -40,
                0,
                0
              ]
            },
            "0.5833": {
              "vector": [
                40,
                0,
                0
              ]
            },
            "0.75": {
              "vector": [
                -5,
                0,
                0
              ]
            }
          }
        },
        "LeftLeg": {
          "rotation": {
            "0.0": {
              "vector": [
                5,
                0,
                0
              ]
            },
            "0.1667": {
              "vector": [
                40,
                0,
                0
              ]
            },
            "0.5833": {
              "vector": [
                -40,
                0,
                0
              ]
            },
            "0.75": {
              "vector": [
                5,
                0,
                0
              ]
            }
          }
        },
        "tail": {
          "rotation": {
            "0.0": {
              "vector": [
                37.39445,
                3.9649,
                -3.04868
              ]
            },
            "0.375": {
              "vector": [
                38.72571,
                -25.84484,
                -5.03175
              ]
            },
            "0.75": {
              "vector": [
                37.39445,
                3.9649,
                -3.04868
              ]
            }
          }
        },
        "bone": {
          "rotation": {
            "0.0": {
              "vector": [
                0,
                17.5,
                0
              ]
            },
            "0.125": {
              "vector": [
                14.86842,
                0.92105,
                0
              ]
            },
            "0.3333": {
              "vector": [
                4.93686,
                -15.00939,
                0.22551
              ]
            },
            "0.5417": {
              "vector": [
                17.3668,
                -2.18366,
                0
              ]
            },
            "0.75": {
              "vector": [
                0,
                17.5,
                0
              ]
            }
          }
        },
        "bone2": {
          "rotation": {
            "0.0": {
              "vector": [
                0,
                7.5,
                0
              ]
            },
            "0.2083": {
              "vector": [
                9.94167,
                2.59611,
                -0.43317
              ]
            },
            "0.4583": {
              "vector": [
                9.33179,
                -6.58258,
                -1.483
              ]
            },
            "0.75": {
              "vector": [
                0,
                7.5,
                0
              ]
            }
          }
        },
        "bone3": {
          "rotation": {
            "0.0": {
              "vector": [
                2.52889,
                9.99519,
                0.22118
              ]
            },
            "0.3333": {
              "vector": [
                22.49286,
                2.50237,
                -0.10912
              ]
            },
            "0.5833": {
              "vector": [
                18.58476,
                -2.31836,
                -1.85199
              ]
            },
            "0.75": {
              "vector": [
                2.5,
                10,
                0.95054
              ]
            }
          }
        },
        "bone4": {
          "rotation": {
            "0.0": {
              "vector": [
                10.10994,
                9.93268,
                1.10049
              ]
            },
            "0.1667": {
              "vector": [
                7.49541,
                5.00934,
                0.22052
              ]
            },
            "0.4167": {
              "vector": [
                13.35507,
                -3.13764,
                -1.8107
              ]
            },
            "0.5833": {
              "vector": [
                -1.1692,
                2.36565,
                -0.58494
              ]
            },
            "0.75": {
              "vector": [
                7.60994,
                9.93268,
                1.10049
              ]
            }
          }
        },
        "bone5": {
          "rotation": {
            "0.0": {
              "vector": [
                22,
                2.50472,
                -0.21803
              ]
            },
            "0.125": {
              "vector": [
                3.90913,
                -0.66099,
                -0.77494
              ]
            },
            "0.2917": {
              "vector": [
                -2.51967,
                -2.41971,
                -1.08434
              ]
            },
            "0.5": {
              "vector": [
                6.44906,
                -0.87006,
                -0.81172
              ]
            },
            "0.6667": {
              "vector": [
                13.16258,
                0.93785,
                -0.49367
              ]
            },
            "0.75": {
              "vector": [
                24.98097,
                2.50472,
                -0.21803
              ]
            }
          }
        },
        "bone6": {
          "rotation": {
            "0.0": {
              "vector": [
                10,
                2.5,
                0
              ]
            },
            "0.125": {
              "vector": [
                25.81433,
                2.5,
                0
              ]
            },
            "0.25": {
              "vector": [
                15,
                2.5,
                0
              ]
            },
            "0.5": {
              "vector": [
                8.23059,
                2.5,
                0
              ]
            },
            "0.75": {
              "vector": [
                10,
                2.5,
                0
              ]
            }
          }
        },
        "bone7": {
          "rotation": {
            "0.0": {
              "vector": [
                12.5,
                2.5,
                0
              ]
            },
            "0.375": {
              "vector": [
                19.98022,
                0.15058,
                -0.85481
              ]
            },
            "0.75": {
              "vector": [
                12.5,
                2.5,
                0
              ]
            }
          }
        },
        "RightArm": {
          "rotation": {
            "0.0": {
              "vector": [
                40,
                0,
                0
              ]
            },
            "0.375": {
              "vector": [
                -15,
                0,
                0
              ]
            },
            "0.75": {
              "vector": [
                40,
                0,
                0
              ]
            }
          }
        },
        "LeftArm": {
          "rotation": {
            "0.0": {
              "vector": [
                -40,
                0,
                0
              ]
            },
            "0.375": {
              "vector": [
                27.5,
                0,
                0
              ]
            },
            "0.75": {
              "vector": [
                -40,
                0,
                0
              ]
            }
          }
        }
      }
    }
  },
  "geckolib_format_version": 2
}