{
	"format_version": "1.12.0",
	"minecraft:geometry": [
		{
			"description": {
				"identifier": "geometry.unknown",
				"texture_width": 64,
				"texture_height": 64,
				"visible_bounds_width": 4,
				"visible_bounds_height": 3.5,
				"visible_bounds_offset": [0, 1.25, 0]
			},
			"bones": [
				{
					"name": "Head",
					"pivot": [0, 24, 0],
					"cubes": [
						{"origin": [-4, 24, -4], "size": [8, 8, 8], "uv": [0, 0]},
						{"origin": [-4, 24, -4], "size": [8, 8, 8], "inflate": 0.5, "uv": [32, 0]}
					]
				},
				{
					"name": "Body",
					"pivot": [0, 24, 0],
					"cubes": [
						{"origin": [-4, 12, -2], "size": [8, 12, 4], "uv": [16, 16]},
						{"origin": [-4, 12, -2], "size": [8, 12, 4], "inflate": 0.25, "uv": [16, 32]},
						{"origin": [-3, 19, -3], "size": [6, 3, 2], "pivot": [0, 20, -2], "rotation": [-32.5, 0, 0], "uv": [36, 23]}
					]
				},
				{
					"name": "tail",
					"parent": "Body",
					"pivot": [0, 12.5, 2],
					"cubes": [
						{"origin": [-0.5, 12, 2], "size": [1, 1, 2], "uv": [0, 0]}
					]
				},
				{
					"name": "bone",
					"parent": "tail",
					"pivot": [0, 12.5, 4],
					"cubes": [
						{"origin": [-0.5, 12, 4], "size": [1, 1, 2], "uv": [0, 3]}
					]
				},
				{
					"name": "bone2",
					"parent": "bone",
					"pivot": [0, 12.5, 6],
					"cubes": [
						{"origin": [-0.5, 12, 6], "size": [1, 1, 2], "uv": [0, 0]}
					]
				},
				{
					"name": "bone3",
					"parent": "bone2",
					"pivot": [0, 12.5, 8],
					"cubes": [
						{"origin": [-0.5, 12, 8], "size": [1, 1, 2], "uv": [0, 3]}
					]
				},
				{
					"name": "bone4",
					"parent": "bone3",
					"pivot": [0, 12.5, 10],
					"cubes": [
						{"origin": [-0.5, 12, 10], "size": [1, 1, 2], "uv": [0, 0]}
					]
				},
				{
					"name": "bone5",
					"parent": "bone4",
					"pivot": [0, 12.5, 12],
					"cubes": [
						{"origin": [-0.5, 12, 12], "size": [1, 1, 2], "uv": [0, 3]}
					]
				},
				{
					"name": "bone6",
					"parent": "bone5",
					"pivot": [0, 12.5, 14],
					"cubes": [
						{"origin": [-0.5, 12, 14], "size": [1, 1, 2], "uv": [0, 0]}
					]
				},
				{
					"name": "bone7",
					"parent": "bone6",
					"pivot": [0, 12.5, 16],
					"cubes": [
						{"origin": [-0.5, 12, 16], "size": [1, 1, 2], "uv": [0, 3]}
					]
				},
				{
					"name": "RightArm",
					"pivot": [-5, 22, 0],
					"cubes": [
						{"origin": [-7, 12, -2], "size": [3, 12, 4], "uv": [40, 16]},
						{"origin": [-7, 12, -2], "size": [3, 12, 4], "inflate": 0.25, "uv": [40, 32]}
					]
				},
				{
					"name": "LeftArm",
					"pivot": [5, 22, 0],
					"cubes": [
						{"origin": [4, 12, -2], "size": [3, 12, 4], "uv": [32, 48]},
						{"origin": [4, 12, -2], "size": [3, 12, 4], "inflate": 0.25, "uv": [48, 48]}
					]
				},
				{
					"name": "RightLeg",
					"pivot": [-1.9, 12, 0],
					"cubes": [
						{"origin": [-3.9, 0, -2], "size": [4, 12, 4], "uv": [0, 16]},
						{"origin": [-3.9, 0, -2], "size": [4, 12, 4], "inflate": 0.25, "uv": [0, 32]}
					]
				},
				{
					"name": "LeftLeg",
					"pivot": [1.9, 12, 0],
					"cubes": [
						{"origin": [-0.1, 0, -2], "size": [4, 12, 4], "uv": [16, 48]},
						{"origin": [-0.1, 0, -2], "size": [4, 12, 4], "inflate": 0.25, "uv": [0, 48]}
					]
				}
			]
		}
	]
}